mun,gini_mean,year,pto,trat_2
Apatzingan,0.428508055,2003,0,1
Arteaga,0.358180748,2003,0,0
Cotija,0.37310453,2003,0,1
Charapan,0.218105549,2003,0,0
Cheran,0.251870107,2003,0,0
Chilchota,0.277222945,2003,0,1
Gabriel Zamora,0.297335983,2003,0,0
Hidalgo,0.450361069,2003,0,1
Jacona,0.455886626,2003,0,0
Jiquilpan,0.423777625,2003,0,0
Jungapeo,0.317961317,2003,0,1
La Piedad,0.421403645,2003,0,0
Lazaro Cardenas,0.465616341,2003,0,0
Los Reyes,0.435019806,2003,0,1
Morelia,0.465159252,2003,0,0
Mugica,0.391705717,2003,0,0
Nuevo Urecho,0.217843198,2003,0,0
Paracuaro,0.162906981,2003,0,0
Paracho,0.42447272,2003,0,0
Patzcuaro,0.457716837,2003,0,1
Periban,0.307364566,2003,0,1
Quiroga,0.367545844,2003,0,1
Sahuayo,0.391496773,2003,0,0
Tacambaro,0.459167885,2003,0,1
Taretan,0.501469433,2003,0,1
Tinguindin,0.390648098,2003,0,1
Tocumbo,0.514513321,2003,0,1
Turicato,0.257190253,2003,0,1
Uruapan,0.43985462,2003,0,1
Venustiano Carranza,0.253439592,2003,0,0
Zacapu,0.499249014,2003,0,0
Zamora,0.459196996,2003,0,0
Zitacuaro,0.448309921,2003,0,1
Tarimbaro,0.341429876,2003,0,1
Angangueo,0.188821759,2003,0,0
Acuitzio,0.198318044,2003,0,1
Ario,0.383523697,2003,0,1
Erongaricuaro,0.230312076,2003,0,1
La Huacana,0.358086883,2003,0,0
Huiramba,0.083333333,2003,0,1
Lagunillas,0.356095334,2003,0,1
Madero,0.28523351,2003,0,1
Salvador Escalante,0.334940065,2003,0,1
Tingambato,0.325140706,2003,0,1
Tzintzuntzan,0.15977448,2003,0,1
Angamacutiro,0.269208871,2003,0,0
Jose Sixto Verduzco,0.197331665,2003,0,0
Morelos,0.168691023,2003,0,0
Panindicuaro,0.264538194,2003,0,0
Penjamillo,0.452253925,2003,0,0
Puruandiro,0.371731343,2003,0,0
Churumuco,0.033333333,2003,0,0
Tlalpujahua,0.38137823,2003,0,0
Tepalcatepec,0.379479221,2003,0,0
Buenavista,0.330233876,2003,0,0
Pajacuaran,0.239144602,2003,0,0
Zinapecuaro,0.413710736,2003,0,1
Querendaro,0.21245355,2003,0,0
Indaparapeo,0.218380494,2003,0,0
Ocampo,0.210888357,2003,0,1
Vista Hermosa,0.362062148,2003,0,0
Tanhuato,0.282054601,2003,0,0
Brisenas,0.237720051,2003,0,0
Zinaparo,0,2003,0,0
Churintzio,0.253126807,2003,0,0
Numaran,0.356249451,2003,0,0
Maravatio,0.357479113,2003,0,0
Contepec,0.372570167,2003,0,0
Huetamo,0.385274511,2003,0,0
San Lucas,0.251463076,2003,0,0
Tangancicuaro,0.328586084,2003,0,1
Purepero,0.323776795,2003,0,1
Tlazazalca,0.189354659,2003,0,0
Cojumatlan de Regules,0.421577115,2003,0,0
Irimbo,0.196339285,2003,0,0
Aporo,0.139728327,2003,0,0
Tuxpan,0.369283462,2003,0,1
Senguio,0.127080932,2003,0,0
Charo,0.192731828,2003,0,0
Alvaro Obregon,0.457540858,2003,0,0
Chavinda,0.287273965,2003,0,0
Tangamandapio,0.250785795,2003,0,1
Ziracuaretiro,0.412299612,2003,0,1
Nuevo Parangaricutiro,0.281639471,2003,0,1
Coeneo,0.236705118,2003,0,0
Jimenez,0.336778328,2003,0,0
Yurecuaro,0.327445555,2003,0,0
Nahuatzen,0.181198713,2003,0,0
Ecuandureo,0.192299973,2003,0,0
Villamar,0.359511947,2003,0,0
Coalcoman,0.335258951,2003,0,0
Tiquicheo,0.174739007,2003,0,0
Tumbiscatio,0.25,2003,0,0
Tuzantla,0.306485666,2003,0,0
Aguililla,0.172562487,2003,0,0
Huaniqueo,0.251128044,2003,0,0
Ixtlan,0.246901145,2003,0,0
Tancitaro,0.281452604,2003,0,1
Caracuaro,0.066233766,2003,0,0
Cuitzeo,0.402227923,2003,0,0
Chucandiro,0.142687005,2003,0,0
Santa Ana Maya,0.264131963,2003,0,0
Huandacareo,0.278596102,2003,0,0
Copandaro,0.028769841,2003,0,0
Tzitzio,0.068181818,2003,0,0
Marcos Castellanos,0.264055445,2003,0,0
Juarez,0.185269645,2003,0,1
Coahuayana,0.37202643,2003,0,0
Aquila,0.401604407,2003,0,0
Apatzingan,0.393115816,2004,0,1
Arteaga,0.342053014,2004,0,0
Cotija,0.300350235,2004,0,1
Charapan,0.257215355,2004,0,0
Cheran,0.253513001,2004,0,0
Chilchota,0.222125698,2004,0,1
Gabriel Zamora,0.282985682,2004,0,0
Hidalgo,0.403100951,2004,0,1
Jacona,0.422514579,2004,0,0
Jiquilpan,0.372155728,2004,0,0
Jungapeo,0.311660636,2004,0,1
La Piedad,0.394931899,2004,0,0
Lazaro Cardenas,0.447000131,2004,0,0
Los Reyes,0.351172605,2004,0,1
Morelia,0.460833874,2004,0,0
Mugica,0.3253907,2004,0,0
Nuevo Urecho,0.161610188,2004,0,0
Paracuaro,0.141035234,2004,0,0
Paracho,0.408664356,2004,0,0
Patzcuaro,0.435635863,2004,0,1
Periban,0.229357803,2004,0,1
Quiroga,0.319120423,2004,0,1
Sahuayo,0.353166515,2004,0,0
Tacambaro,0.419016489,2004,0,1
Taretan,0.483417433,2004,0,1
Tinguindin,0.358154459,2004,0,1
Tocumbo,0.4656701,2004,0,1
Turicato,0.174775722,2004,0,1
Uruapan,0.427104977,2004,0,1
Venustiano Carranza,0.155082402,2004,0,0
Zacapu,0.470063929,2004,0,0
Zamora,0.426262833,2004,0,0
Zitacuaro,0.409045199,2004,0,1
Tarimbaro,0.337085685,2004,0,1
Angangueo,0.066465934,2004,0,0
Acuitzio,0.190907487,2004,0,1
Ario,0.377779654,2004,0,1
Erongaricuaro,0.217084873,2004,0,1
La Huacana,0.342491799,2004,0,0
Huiramba,0,2004,0,1
Lagunillas,0.364216421,2004,0,1
Madero,0.299545087,2004,0,1
Salvador Escalante,0.324185094,2004,0,1
Tingambato,0.31024612,2004,0,1
Tzintzuntzan,0.179917098,2004,0,1
Angamacutiro,0.217135055,2004,0,0
Jose Sixto Verduzco,0.204574205,2004,0,0
Morelos,0.169208514,2004,0,0
Panindicuaro,0.223650484,2004,0,0
Penjamillo,0.385510438,2004,0,0
Puruandiro,0.36153729,2004,0,0
Churumuco,0.074074074,2004,0,0
Tlalpujahua,0.312475963,2004,0,0
Tepalcatepec,0.363478281,2004,0,0
Buenavista,0.29624619,2004,0,0
Pajacuaran,0.196669121,2004,0,0
Zinapecuaro,0.399635496,2004,0,1
Querendaro,0.193896185,2004,0,0
Indaparapeo,0.227649786,2004,0,0
Ocampo,0.074720049,2004,0,1
Vista Hermosa,0.304659466,2004,0,0
Tanhuato,0.232126822,2004,0,0
Brisenas,0.200021749,2004,0,0
Zinaparo,0.018283948,2004,0,0
Churintzio,0.132711023,2004,0,0
Numaran,0.322858461,2004,0,0
Maravatio,0.333734672,2004,0,0
Contepec,0.323934594,2004,0,0
Huetamo,0.312035419,2004,0,0
San Lucas,0.253347217,2004,0,0
Tangancicuaro,0.277711106,2004,0,1
Purepero,0.290387864,2004,0,1
Tlazazalca,0.100119227,2004,0,0
Cojumatlan de Regules,0.355853135,2004,0,0
Irimbo,0.106510565,2004,0,0
Aporo,0.071428571,2004,0,0
Tuxpan,0.340928099,2004,0,1
Senguio,0.047505951,2004,0,0
Charo,0.153372501,2004,0,0
Alvaro Obregon,0.440630381,2004,0,0
Chavinda,0.210067152,2004,0,0
Tangamandapio,0.17254318,2004,0,1
Ziracuaretiro,0.383689011,2004,0,1
Nuevo Parangaricutiro,0.209140973,2004,0,1
Coeneo,0.21240656,2004,0,0
Jimenez,0.293308446,2004,0,0
Yurecuaro,0.277601681,2004,0,0
Nahuatzen,0.100435836,2004,0,0
Ecuandureo,0.066316686,2004,0,0
Villamar,0.347872008,2004,0,0
Coalcoman,0.330538055,2004,0,0
Tiquicheo,0.113284854,2004,0,0
Tumbiscatio,0.009920635,2004,0,0
Tuzantla,0.294549329,2004,0,0
Aguililla,0.123466428,2004,0,0
Huaniqueo,0.173133586,2004,0,0
Ixtlan,0.12406742,2004,0,0
Tancitaro,0.258494719,2004,0,1
Caracuaro,0.130340019,2004,0,0
Cuitzeo,0.37961315,2004,0,0
Chucandiro,0.112342529,2004,0,0
Santa Ana Maya,0.210015241,2004,0,0
Huandacareo,0.267573345,2004,0,0
Copandaro,0.008928571,2004,0,0
Marcos Castellanos,0.204588613,2004,0,0
Juarez,0.172221507,2004,0,1
Coahuayana,0.362007003,2004,0,0
Aquila,0.381197881,2004,0,0
Apatzingan,0.38214155,2005,0,1
Arteaga,0.313773554,2005,0,0
Cotija,0.302496331,2005,0,1
Charapan,0.265111519,2005,0,0
Cheran,0.206901959,2005,0,0
Chilchota,0.178785589,2005,0,1
Gabriel Zamora,0.272536992,2005,0,0
Hidalgo,0.407973998,2005,0,1
Jacona,0.403057583,2005,0,0
Jiquilpan,0.358879963,2005,0,0
Jungapeo,0.284222425,2005,0,1
La Piedad,0.390979584,2005,0,0
Lazaro Cardenas,0.435073723,2005,0,0
Los Reyes,0.347862082,2005,0,1
Morelia,0.446560016,2005,0,0
Mugica,0.323457031,2005,0,0
Nocupetaro,0.031022409,2005,0,0
Nuevo Urecho,0.120805147,2005,0,0
Paracuaro,0.137526545,2005,0,0
Paracho,0.370039564,2005,0,0
Patzcuaro,0.404851296,2005,0,1
Periban,0.197299202,2005,0,1
Quiroga,0.204308385,2005,0,1
Sahuayo,0.344134387,2005,0,0
Tacambaro,0.374884747,2005,0,1
Taretan,0.451950444,2005,0,1
Tinguindin,0.337065647,2005,0,1
Tocumbo,0.465705778,2005,0,1
Turicato,0.070708862,2005,0,1
Uruapan,0.419465317,2005,0,1
Venustiano Carranza,0.219984363,2005,0,0
Zacapu,0.421745494,2005,0,0
Zamora,0.401229185,2005,0,0
Zitacuaro,0.410763899,2005,0,1
Tarimbaro,0.30271049,2005,0,1
Angangueo,0.094533123,2005,0,0
Acuitzio,0.118010154,2005,0,1
Ario,0.303170603,2005,0,1
Erongaricuaro,0.173637174,2005,0,1
La Huacana,0.409308563,2005,0,0
Huiramba,0.016666667,2005,0,1
Lagunillas,0.351839933,2005,0,1
Madero,0.222718725,2005,0,1
Salvador Escalante,0.281191425,2005,0,1
Tingambato,0.2886931,2005,0,1
Tzintzuntzan,0.133325972,2005,0,1
Angamacutiro,0.139569558,2005,0,0
Jose Sixto Verduzco,0.163615645,2005,0,0
Morelos,0.121713683,2005,0,0
Panindicuaro,0.12977807,2005,0,0
Penjamillo,0.389995041,2005,0,0
Puruandiro,0.338970639,2005,0,0
Churumuco,0.024692954,2005,0,0
Tlalpujahua,0.312888359,2005,0,0
Tepalcatepec,0.318818006,2005,0,0
Buenavista,0.260346855,2005,0,0
Pajacuaran,0.177235975,2005,0,0
Zinapecuaro,0.352251858,2005,0,1
Querendaro,0.163640696,2005,0,0
Indaparapeo,0.176908246,2005,0,0
Ocampo,0.092482574,2005,0,1
Vista Hermosa,0.266656654,2005,0,0
Tanhuato,0.246385899,2005,0,0
Brisenas,0.20630078,2005,0,0
Zinaparo,0,2005,0,0
Churintzio,0.117764769,2005,0,0
Numaran,0.331604781,2005,0,0
Maravatio,0.33664355,2005,0,0
Contepec,0.264468818,2005,0,0
Huetamo,0.326888499,2005,0,0
San Lucas,0.297951378,2005,0,0
Tangancicuaro,0.239716842,2005,0,1
Purepero,0.25984977,2005,0,1
Tlazazalca,0.087900707,2005,0,0
Cojumatlan de Regules,0.364225215,2005,0,0
Irimbo,0.11603497,2005,0,0
Aporo,0.012673656,2005,0,0
Tuxpan,0.331789015,2005,0,1
Senguio,0.036682737,2005,0,0
Charo,0.12935989,2005,0,0
Alvaro Obregon,0.411985719,2005,0,0
Chavinda,0.218218431,2005,0,0
Tangamandapio,0.1443909,2005,0,1
Ziracuaretiro,0.32538897,2005,0,1
Nuevo Parangaricutiro,0.200769192,2005,0,1
Coeneo,0.108163773,2005,0,0
Jimenez,0.227503626,2005,0,0
Yurecuaro,0.272006575,2005,0,0
Nahuatzen,0.101124519,2005,0,0
Ecuandureo,0.187196083,2005,0,0
Villamar,0.313471079,2005,0,0
Coalcoman,0.2882836,2005,0,0
Tiquicheo,0.120752107,2005,0,0
Tumbiscatio,0.138888889,2005,0,0
Tuzantla,0.336195728,2005,0,0
Aguililla,0.147824978,2005,0,0
Huaniqueo,0.076356009,2005,0,0
Ixtlan,0.02580828,2005,0,0
Tancitaro,0.25067986,2005,0,1
Caracuaro,0.04736507,2005,0,0
Cuitzeo,0.336843207,2005,0,0
Chucandiro,0.047513829,2005,0,0
Santa Ana Maya,0.164410113,2005,0,0
Huandacareo,0.168792497,2005,0,0
Copandaro,0.014814815,2005,0,0
Marcos Castellanos,0.187590165,2005,0,0
Juarez,0.136975624,2005,0,1
Coahuayana,0.376396097,2005,0,0
Aquila,0.371670694,2005,0,0
Apatzingan,0.381210516,2006,0,1
Arteaga,0.316262615,2006,0,0
Cotija,0.333873004,2006,0,1
Charapan,0.27724485,2006,0,0
Cheran,0.207789341,2006,0,0
Chilchota,0.16571917,2006,0,1
Gabriel Zamora,0.26821404,2006,0,0
Hidalgo,0.410483673,2006,0,1
Jacona,0.394385108,2006,0,0
Jiquilpan,0.360310002,2006,0,0
Jungapeo,0.285943536,2006,0,1
La Piedad,0.393418387,2006,0,0
Lazaro Cardenas,0.43354634,2006,0,0
Los Reyes,0.368109826,2006,0,1
Morelia,0.438455461,2006,0,0
Mugica,0.331811763,2006,0,0
Nocupetaro,0.11984127,2006,0,0
Nuevo Urecho,0.113636826,2006,0,0
Paracuaro,0.092986287,2006,0,0
Paracho,0.367601527,2006,0,0
Patzcuaro,0.403625914,2006,0,1
Periban,0.21439894,2006,0,1
Quiroga,0.185120935,2006,0,1
Sahuayo,0.338766906,2006,0,0
Tacambaro,0.38827796,2006,0,1
Taretan,0.457968061,2006,0,1
Tinguindin,0.360666539,2006,0,1
Tocumbo,0.47329069,2006,0,1
Turicato,0.070573628,2006,0,1
Uruapan,0.416023867,2006,0,1
Venustiano Carranza,0.24093452,2006,0,0
Zacapu,0.418115977,2006,0,0
Zamora,0.402374478,2006,0,0
Zitacuaro,0.40580185,2006,0,1
Tarimbaro,0.290000399,2006,0,1
Angangueo,0.134007251,2006,0,0
Acuitzio,0.141743529,2006,0,1
Ario,0.292690392,2006,0,1
Erongaricuaro,0.173720691,2006,0,1
La Huacana,0.437488905,2006,0,0
Huiramba,0.144882013,2006,0,1
Lagunillas,0.35179897,2006,0,1
Madero,0.217076632,2006,0,1
Salvador Escalante,0.285727523,2006,0,1
Tingambato,0.293039017,2006,0,1
Tzintzuntzan,0.170948963,2006,0,1
Angamacutiro,0.205788649,2006,0,0
Jose Sixto Verduzco,0.178075473,2006,0,0
Morelos,0.145535683,2006,0,0
Panindicuaro,0.143910284,2006,0,0
Penjamillo,0.396189202,2006,0,0
Puruandiro,0.349036581,2006,0,0
Churumuco,0.169047619,2006,0,0
Tlalpujahua,0.317790211,2006,0,0
Tepalcatepec,0.32803735,2006,0,0
Buenavista,0.257876549,2006,0,0
Pajacuaran,0.172601709,2006,0,0
Zinapecuaro,0.306142054,2006,0,1
Querendaro,0.240583053,2006,0,0
Indaparapeo,0.132093492,2006,0,0
Ocampo,0.141568508,2006,0,1
Vista Hermosa,0.237269861,2006,0,0
Tanhuato,0.25189275,2006,0,0
Brisenas,0.265218726,2006,0,0
Zinaparo,0,2006,0,0
Churintzio,0.110928737,2006,0,0
Numaran,0.304804006,2006,0,0
Maravatio,0.342728868,2006,0,0
Contepec,0.216874752,2006,0,0
Huetamo,0.341221652,2006,0,0
San Lucas,0.290637774,2006,0,0
Tangancicuaro,0.235395832,2006,0,1
Purepero,0.254589952,2006,0,1
Tlazazalca,0.143697179,2006,0,0
Cojumatlan de Regules,0.38897041,2006,0,0
Irimbo,0.118422251,2006,0,0
Aporo,0.101606223,2006,0,0
Tuxpan,0.332069358,2006,0,1
Senguio,0.052803235,2006,0,0
Charo,0.141763995,2006,0,0
Alvaro Obregon,0.391731543,2006,0,0
Chavinda,0.238527794,2006,0,0
Tangamandapio,0.165049,2006,0,1
Ziracuaretiro,0.328851497,2006,0,1
Nuevo Parangaricutiro,0.190309274,2006,0,1
Coeneo,0.108002209,2006,0,0
Jimenez,0.217566326,2006,0,0
Yurecuaro,0.282952463,2006,0,0
Nahuatzen,0.178118726,2006,0,0
Ecuandureo,0.212394243,2006,0,0
Villamar,0.321954703,2006,0,0
Coalcoman,0.296975162,2006,0,0
Tiquicheo,0.163021994,2006,0,0
Tumbiscatio,0.140277778,2006,0,0
Tuzantla,0.342781915,2006,0,0
Aguililla,0.155770318,2006,0,0
Huaniqueo,0.279179643,2006,0,0
Ixtlan,0.054868289,2006,0,0
Tancitaro,0.248471902,2006,0,1
Caracuaro,0.146397744,2006,0,0
Cuitzeo,0.344604026,2006,0,0
Chucandiro,0.043584833,2006,0,0
Santa Ana Maya,0.165698738,2006,0,0
Huandacareo,0.168114479,2006,0,0
Copandaro,0.073889237,2006,0,0
Tzitzio,0,2006,0,0
Marcos Castellanos,0.203171783,2006,0,0
Juarez,0.099768342,2006,0,1
Coahuayana,0.370538522,2006,0,0
Aquila,0.378283503,2006,0,0
Apatzingan,0.383884285,2007,0,1
Arteaga,0.324222502,2007,0,0
Cotija,0.32985277,2007,0,1
Charapan,0.319535354,2007,0,0
Cheran,0.195808624,2007,0,0
Chilchota,0.165203727,2007,0,1
Gabriel Zamora,0.283384261,2007,0,0
Hidalgo,0.404158368,2007,0,1
Jacona,0.394884836,2007,0,0
Jiquilpan,0.366079934,2007,0,0
Jungapeo,0.269761421,2007,0,1
La Piedad,0.393313262,2007,0,0
Lazaro Cardenas,0.436421381,2007,0,0
Los Reyes,0.376545801,2007,0,1
Morelia,0.436988228,2007,0,0
Mugica,0.352870943,2007,0,0
Nocupetaro,0.101686508,2007,0,0
Nuevo Urecho,0.145220596,2007,0,0
Paracuaro,0.077944887,2007,0,0
Paracho,0.368578455,2007,0,0
Patzcuaro,0.403385182,2007,0,1
Periban,0.238381534,2007,0,1
Quiroga,0.187459835,2007,0,1
Sahuayo,0.3400228,2007,0,0
Tacambaro,0.383835816,2007,0,1
Taretan,0.448737968,2007,0,1
Tinguindin,0.367064006,2007,0,1
Tocumbo,0.476514674,2007,0,1
Turicato,0.095167677,2007,0,1
Uruapan,0.419549077,2007,0,1
Venustiano Carranza,0.2459827,2007,0,0
Zacapu,0.416787468,2007,0,0
Zamora,0.405242616,2007,0,0
Zitacuaro,0.409238059,2007,0,1
Tarimbaro,0.283034258,2007,0,1
Angangueo,0.147309753,2007,0,0
Acuitzio,0.116332226,2007,0,1
Ario,0.301766836,2007,0,1
Erongaricuaro,0.182240248,2007,0,1
La Huacana,0.48513281,2007,0,0
Huiramba,0.143167751,2007,0,1
Lagunillas,0.35405723099999997,2007,0,1
Madero,0.216346051,2007,0,1
Salvador Escalante,0.278111337,2007,0,1
Tingambato,0.317553322,2007,0,1
Tzintzuntzan,0.172656903,2007,0,1
Angamacutiro,0.229849314,2007,0,0
Jose Sixto Verduzco,0.199963742,2007,0,0
Morelos,0.125447875,2007,0,0
Panindicuaro,0.181698204,2007,0,0
Penjamillo,0.385222753,2007,0,0
Puruandiro,0.345190748,2007,0,0
Churumuco,0.141879719,2007,0,0
Tlalpujahua,0.326263608,2007,0,0
Tepalcatepec,0.343684051,2007,0,0
Buenavista,0.238297707,2007,0,0
Pajacuaran,0.174825852,2007,0,0
Zinapecuaro,0.271449987,2007,0,1
Querendaro,0.226816412,2007,0,0
Indaparapeo,0.229606632,2007,0,0
Ocampo,0.157816335,2007,0,1
Vista Hermosa,0.231530653,2007,0,0
Tanhuato,0.28154569,2007,0,0
Brisenas,0.227828158,2007,0,0
Zinaparo,0,2007,0,0
Churintzio,0.111703722,2007,0,0
Numaran,0.309328193,2007,0,0
Maravatio,0.356772266,2007,0,0
Contepec,0.227539886,2007,0,0
Huetamo,0.355217938,2007,0,0
San Lucas,0.34256278,2007,0,0
Tangancicuaro,0.230688075,2007,0,1
Purepero,0.252790817,2007,0,1
Tlazazalca,0.271693687,2007,0,0
Cojumatlan de Regules,0.425522522,2007,0,0
Irimbo,0.122655136,2007,0,0
Aporo,0.160372922,2007,0,0
Tuxpan,0.302648209,2007,0,1
Senguio,0.095992808,2007,0,0
Charo,0.185112191,2007,0,0
Alvaro Obregon,0.39094914,2007,0,0
Chavinda,0.234237798,2007,0,0
Tangamandapio,0.166379214,2007,0,1
Ziracuaretiro,0.322614422,2007,0,1
Nuevo Parangaricutiro,0.204440319,2007,0,1
Coeneo,0.119480193,2007,0,0
Jimenez,0.228565432,2007,0,0
Yurecuaro,0.297830926,2007,0,0
Nahuatzen,0.191651702,2007,0,0
Ecuandureo,0.23735488800000001,2007,0,0
Villamar,0.293199402,2007,0,0
Coalcoman,0.304211772,2007,0,0
Tiquicheo,0.182387287,2007,0,0
Tumbiscatio,0.220523114,2007,0,0
Tuzantla,0.314404855,2007,0,0
Aguililla,0.152579948,2007,0,0
Huaniqueo,0.237742224,2007,0,0
Ixtlan,0.100534403,2007,0,0
Tancitaro,0.283995846,2007,0,1
Caracuaro,0.188143108,2007,0,0
Cuitzeo,0.353695394,2007,0,0
Chucandiro,0.037643465,2007,0,0
Santa Ana Maya,0.173167939,2007,0,0
Huandacareo,0.159808281,2007,0,0
Copandaro,0.141951659,2007,0,0
Marcos Castellanos,0.342867889,2007,0,0
Juarez,0.110901127,2007,0,1
Susupuato,0.078621032,2007,0,0
Coahuayana,0.376052442,2007,0,0
Aquila,0.410322386,2007,0,0
Apatzingan,0.389476359,2008,0,1
Arteaga,0.317679639,2008,0,0
Cotija,0.329867921,2008,0,1
Charapan,0.273436226,2008,0,0
Cheran,0.210036083,2008,0,0
Chilchota,0.200065324,2008,0,1
Gabriel Zamora,0.307532078,2008,0,0
Hidalgo,0.418283245,2008,0,1
Jacona,0.399201687,2008,0,0
Jiquilpan,0.379108664,2008,0,0
Jungapeo,0.261028089,2008,0,1
La Piedad,0.395923412,2008,0,0
Lazaro Cardenas,0.441686722,2008,0,0
Los Reyes,0.394930198,2008,0,1
Morelia,0.441078518,2008,0,0
Mugica,0.374030414,2008,0,0
Nocupetaro,0.245316099,2008,0,0
Nuevo Urecho,0.177354415,2008,0,0
Paracuaro,0.119958488,2008,0,0
Paracho,0.384552987,2008,0,0
Patzcuaro,0.399790002,2008,0,1
Periban,0.246863112,2008,0,1
Quiroga,0.159802389,2008,0,1
Sahuayo,0.367222003,2008,0,0
Tacambaro,0.378886424,2008,0,1
Taretan,0.424628059,2008,0,1
Tinguindin,0.370476845,2008,0,1
Tocumbo,0.477978324,2008,0,1
Turicato,0.118755513,2008,0,1
Uruapan,0.421279003,2008,0,1
Venustiano Carranza,0.272176498,2008,0,0
Zacapu,0.4213961,2008,0,0
Zamora,0.415750058,2008,0,0
Zitacuaro,0.415428909,2008,0,1
Tarimbaro,0.289422276,2008,0,1
Angangueo,0.15494896,2008,0,0
Acuitzio,0.150500058,2008,0,1
Ario,0.295294565,2008,0,1
Erongaricuaro,0.190285954,2008,0,1
La Huacana,0.51554372,2008,0,0
Huiramba,0.135454155,2008,0,1
Lagunillas,0.377268211,2008,0,1
Madero,0.192259186,2008,0,1
Salvador Escalante,0.29258266,2008,0,1
Tingambato,0.328927361,2008,0,1
Tzintzuntzan,0.148818671,2008,0,1
Angamacutiro,0.155350261,2008,0,0
Jose Sixto Verduzco,0.19114624,2008,0,0
Morelos,0.104980831,2008,0,0
Panindicuaro,0.304222599,2008,0,0
Penjamillo,0.39358625,2008,0,0
Puruandiro,0.347715258,2008,0,0
Churumuco,0.175574659,2008,0,0
Tlalpujahua,0.319094514,2008,0,0
Tepalcatepec,0.382989952,2008,0,0
Buenavista,0.218032667,2008,0,0
Pajacuaran,0.169594992,2008,0,0
Zinapecuaro,0.299128943,2008,0,1
Querendaro,0.217536761,2008,0,0
Indaparapeo,0.233845097,2008,0,0
Ocampo,0.148646344,2008,0,1
Vista Hermosa,0.231792496,2008,0,0
Tanhuato,0.282127092,2008,0,0
Brisenas,0.206139268,2008,0,0
Zinaparo,0.039652293,2008,0,0
Churintzio,0.153236118,2008,0,0
Numaran,0.298768471,2008,0,0
Maravatio,0.368259324,2008,0,0
Contepec,0.243841818,2008,0,0
Huetamo,0.349958167,2008,0,0
San Lucas,0.32043749,2008,0,0
Tangancicuaro,0.230756206,2008,0,1
Purepero,0.266529962,2008,0,1
Tlazazalca,0.276773095,2008,0,0
Cojumatlan de Regules,0.434515163,2008,0,0
Irimbo,0.145617724,2008,0,0
Aporo,0.193340774,2008,0,0
Tuxpan,0.31114972,2008,0,1
Senguio,0.080646318,2008,0,0
Charo,0.223498076,2008,0,0
Alvaro Obregon,0.419182218,2008,0,0
Chavinda,0.244933572,2008,0,0
Tangamandapio,0.169700457,2008,0,1
Ziracuaretiro,0.337701521,2008,0,1
Nuevo Parangaricutiro,0.223271392,2008,0,1
Coeneo,0.157914882,2008,0,0
Jimenez,0.248391257,2008,0,0
Yurecuaro,0.313960186,2008,0,0
Nahuatzen,0.192109231,2008,0,0
Ecuandureo,0.272154291,2008,0,0
Villamar,0.258876142,2008,0,0
Coalcoman,0.298796507,2008,0,0
Tiquicheo,0.185206191,2008,0,0
Tumbiscatio,0.239537037,2008,0,0
Tuzantla,0.289860648,2008,0,0
Aguililla,0.16674085,2008,0,0
Huaniqueo,0.401681499,2008,0,0
Ixtlan,0.11438309,2008,0,0
Tancitaro,0.323837936,2008,0,1
Caracuaro,0.194620083,2008,0,0
Cuitzeo,0.367720789,2008,0,0
Chucandiro,0.048249326,2008,0,0
Santa Ana Maya,0.181337589,2008,0,0
Huandacareo,0.154931924,2008,0,0
Copandaro,0.071491934,2008,0,0
Tzitzio,0,2008,0,0
Marcos Castellanos,0.290911815,2008,0,0
Juarez,0.100593339,2008,0,1
Susupuato,0.017676768,2008,0,0
Coahuayana,0.369895465,2008,0,0
Aquila,0.433853613,2008,0,0
Epitacio Huerta,0.111714607,2008,0,0
Apatzingan,0.386931752,2009,0,1
Arteaga,0.29645982,2009,0,0
Cotija,0.352777261,2009,0,1
Charapan,0.343226669,2009,0,0
Cheran,0.188629015,2009,0,0
Chilchota,0.18886962,2009,0,1
Gabriel Zamora,0.301394065,2009,0,0
Hidalgo,0.422351929,2009,0,1
Jacona,0.404958117,2009,0,0
Jiquilpan,0.388312047,2009,0,0
Jungapeo,0.242884684,2009,0,1
La Piedad,0.396563115,2009,0,0
Lazaro Cardenas,0.440278512,2009,0,0
Los Reyes,0.394955599,2009,0,1
Morelia,0.444127542,2009,0,0
Mugica,0.408743689,2009,0,0
Nocupetaro,0.235560016,2009,0,0
Nuevo Urecho,0.123314068,2009,0,0
Paracuaro,0.153776346,2009,0,0
Paracho,0.380061677,2009,0,0
Patzcuaro,0.404690743,2009,0,1
Periban,0.227519945,2009,0,1
Quiroga,0.176039358,2009,0,1
Sahuayo,0.362570564,2009,0,0
Tacambaro,0.377403481,2009,0,1
Taretan,0.43013719,2009,0,1
Tinguindin,0.363127353,2009,0,1
Tocumbo,0.461477657,2009,0,1
Turicato,0.141064036,2009,0,1
Uruapan,0.416843645,2009,0,1
Venustiano Carranza,0.25552127,2009,0,0
Zacapu,0.412922916,2009,0,0
Zamora,0.413052099,2009,0,0
Zitacuaro,0.408501756,2009,0,1
Tarimbaro,0.28915048,2009,0,1
Angangueo,0.166361624,2009,0,0
Acuitzio,0.142050303,2009,0,1
Ario,0.297968526,2009,0,1
Erongaricuaro,0.178488547,2009,0,1
La Huacana,0.513136231,2009,0,0
Huiramba,0.15,2009,0,1
Lagunillas,0.386513903,2009,0,1
Madero,0.196226773,2009,0,1
Salvador Escalante,0.311552295,2009,0,1
Tingambato,0.30567691,2009,0,1
Tzintzuntzan,0.145409022,2009,0,1
Angamacutiro,0.209716742,2009,0,0
Jose Sixto Verduzco,0.258333743,2009,0,0
Morelos,0.049072666,2009,0,0
Panindicuaro,0.28292969,2009,0,0
Penjamillo,0.388703992,2009,0,0
Puruandiro,0.349966723,2009,0,0
Churumuco,0.008909609,2009,0,0
Tlalpujahua,0.310812161,2009,0,0
Tepalcatepec,0.386329811,2009,0,0
Buenavista,0.261461286,2009,0,0
Pajacuaran,0.175804977,2009,0,0
Zinapecuaro,0.2955874,2009,0,1
Querendaro,0.177041365,2009,0,0
Indaparapeo,0.108877337,2009,0,0
Ocampo,0.111712287,2009,0,1
Vista Hermosa,0.23068272,2009,0,0
Tanhuato,0.278413686,2009,0,0
Brisenas,0.170177517,2009,0,0
Zinaparo,0.030800941,2009,0,0
Churintzio,0.152057386,2009,0,0
Numaran,0.288530519,2009,0,0
Maravatio,0.373725959,2009,0,0
Contepec,0.271488847,2009,0,0
Huetamo,0.353923332,2009,0,0
San Lucas,0.296967821,2009,0,0
Tangancicuaro,0.238758169,2009,0,1
Purepero,0.295320286,2009,0,1
Tlazazalca,0.253183101,2009,0,0
Cojumatlan de Regules,0.401808604,2009,0,0
Irimbo,0.180176573,2009,0,0
Aporo,0.101091903,2009,0,0
Tuxpan,0.354131687,2009,0,1
Senguio,0.068828232,2009,0,0
Charo,0.279904289,2009,0,0
Alvaro Obregon,0.420288532,2009,0,0
Chavinda,0.251188451,2009,0,0
Tangamandapio,0.16080675,2009,0,1
Ziracuaretiro,0.328274968,2009,0,1
Nuevo Parangaricutiro,0.238302763,2009,0,1
Coeneo,0.212289518,2009,0,0
Jimenez,0.268443896,2009,0,0
Yurecuaro,0.313845329,2009,0,0
Nahuatzen,0.198525615,2009,0,0
Ecuandureo,0.262990681,2009,0,0
Villamar,0.321381199,2009,0,0
Coalcoman,0.299723567,2009,0,0
Tiquicheo,0.158374124,2009,0,0
Tumbiscatio,0.083333333,2009,0,0
Tuzantla,0.258711873,2009,0,0
Aguililla,0.145189038,2009,0,0
Huaniqueo,0.405156113,2009,0,0
Ixtlan,0.112104262,2009,0,0
Tancitaro,0.322472732,2009,0,1
Caracuaro,0.04375,2009,0,0
Cuitzeo,0.366155949,2009,0,0
Chucandiro,0.082066993,2009,0,0
Santa Ana Maya,0.249586796,2009,0,0
Huandacareo,0.183663831,2009,0,0
Copandaro,0.051468553,2009,0,0
Marcos Castellanos,0.203218939,2009,0,0
Juarez,0.096443506,2009,0,1
Susupuato,0.111111111,2009,0,0
Coahuayana,0.364078178,2009,0,0
Aquila,0.429588622,2009,0,0
Epitacio Huerta,0.097080442,2009,0,0
Apatzingan,0.399679905,2010,0,1
Arteaga,0.296258457,2010,0,0
Cotija,0.36716976,2010,0,1
Charapan,0.297054653,2010,0,0
Cheran,0.183314819,2010,0,0
Chilchota,0.206763244,2010,0,1
Gabriel Zamora,0.303926779,2010,0,0
Hidalgo,0.413798644,2010,0,1
Jacona,0.411375071,2010,0,0
Jiquilpan,0.393970072,2010,0,0
Jungapeo,0.24656022,2010,0,1
La Piedad,0.396258729,2010,0,0
Lazaro Cardenas,0.444005088,2010,0,0
Los Reyes,0.395090987,2010,0,1
Morelia,0.44803819,2010,0,0
Mugica,0.420055458,2010,0,0
Nocupetaro,0.208368946,2010,0,0
Nuevo Urecho,0.170712761,2010,0,0
Paracuaro,0.15637042,2010,0,0
Paracho,0.366777978,2010,0,0
Patzcuaro,0.410031763,2010,0,1
Periban,0.209175428,2010,0,1
Quiroga,0.326624677,2010,0,1
Sahuayo,0.366030679,2010,0,0
Tacambaro,0.391290205,2010,0,1
Taretan,0.427062477,2010,0,1
Tinguindin,0.369705224,2010,0,1
Tocumbo,0.465791147,2010,0,1
Turicato,0.136074116,2010,0,1
Uruapan,0.417526706,2010,0,1
Venustiano Carranza,0.260443701,2010,0,0
Zacapu,0.418690395,2010,0,0
Zamora,0.415195297,2010,0,0
Zitacuaro,0.405626952,2010,0,1
Tarimbaro,0.303777187,2010,0,1
Angangueo,0.138903489,2010,0,0
Acuitzio,0.155748548,2010,0,1
Ario,0.310095289,2010,0,1
Erongaricuaro,0.212398273,2010,0,1
La Huacana,0.483255423,2010,0,0
Huiramba,0.123529412,2010,0,1
Lagunillas,0.358017802,2010,0,1
Madero,0.195336291,2010,0,1
Salvador Escalante,0.324422267,2010,0,1
Tingambato,0.307525061,2010,0,1
Tzintzuntzan,0.157523358,2010,0,1
Angamacutiro,0.179115884,2010,0,0
Jose Sixto Verduzco,0.248815603,2010,0,0
Morelos,0.027738252,2010,0,0
Panindicuaro,0.298366707,2010,0,0
Penjamillo,0.39916347,2010,0,0
Puruandiro,0.355119879,2010,0,0
Churumuco,0.034722222,2010,0,0
Tlalpujahua,0.313526311,2010,0,0
Tepalcatepec,0.39137163,2010,0,0
Buenavista,0.246831869,2010,0,0
Pajacuaran,0.154273737,2010,0,0
Zinapecuaro,0.332537016,2010,0,1
Querendaro,0.12196146,2010,0,0
Indaparapeo,0.133236654,2010,0,0
Ocampo,0.149915096,2010,0,1
Vista Hermosa,0.25401754,2010,0,0
Tanhuato,0.297721223,2010,0,0
Brisenas,0.140121381,2010,0,0
Zinaparo,0.034737461,2010,0,0
Churintzio,0.146825409,2010,0,0
Numaran,0.311840327,2010,0,0
Maravatio,0.376100997,2010,0,0
Contepec,0.246564199,2010,0,0
Huetamo,0.363464823,2010,0,0
San Lucas,0.285528206,2010,0,0
Tangancicuaro,0.241185804,2010,0,1
Purepero,0.36579656,2010,0,1
Tlazazalca,0.264130983,2010,0,0
Cojumatlan de Regules,0.360808945,2010,0,0
Irimbo,0.15657283,2010,0,0
Aporo,0.12808642,2010,0,0
Tuxpan,0.379084578,2010,0,1
Senguio,0.023826267,2010,0,0
Charo,0.280964381,2010,0,0
Alvaro Obregon,0.418088368,2010,0,0
Chavinda,0.283444414,2010,0,0
Tangamandapio,0.201874462,2010,0,1
Ziracuaretiro,0.32568733,2010,0,1
Nuevo Parangaricutiro,0.241747497,2010,0,1
Coeneo,0.19185565500000001,2010,0,0
Jimenez,0.262722389,2010,0,0
Yurecuaro,0.318911217,2010,0,0
Nahuatzen,0.209751543,2010,0,0
Ecuandureo,0.260268537,2010,0,0
Villamar,0.320004833,2010,0,0
Coalcoman,0.309924282,2010,0,0
Tiquicheo,0.232749674,2010,0,0
Tumbiscatio,0.083333333,2010,0,0
Tuzantla,0.215993849,2010,0,0
Aguililla,0.143436697,2010,0,0
Huaniqueo,0.414383832,2010,0,0
Ixtlan,0.078753228,2010,0,0
Tancitaro,0.312807468,2010,0,1
Caracuaro,0.146727637,2010,0,0
Cuitzeo,0.393741652,2010,0,0
Chucandiro,0.163888889,2010,0,0
Santa Ana Maya,0.267328809,2010,0,0
Huandacareo,0.202742673,2010,0,0
Copandaro,0.07875458,2010,0,0
Marcos Castellanos,0.176032341,2010,0,0
Juarez,0.138977825,2010,0,1
Susupuato,0.125,2010,0,0
Coahuayana,0.389663619,2010,0,0
Aquila,0.408698685,2010,0,0
Epitacio Huerta,0.119984568,2010,0,0
Apatzingan,0.399217028,2011,1,1
Arteaga,0.307257508,2011,1,0
Cotija,0.380593006,2011,1,1
Charapan,0.264818767,2011,1,0
Cheran,0.204957322,2011,1,0
Chilchota,0.206885419,2011,1,1
Gabriel Zamora,0.314245634,2011,1,0
Hidalgo,0.418872592,2011,1,1
Jacona,0.416076556,2011,1,0
Jiquilpan,0.403865261,2011,1,0
Jungapeo,0.264433881,2011,1,1
La Piedad,0.405447341,2011,1,0
Lazaro Cardenas,0.445985938,2011,1,0
Los Reyes,0.403055665,2011,1,1
Morelia,0.444571717,2011,1,0
Mugica,0.414066518,2011,1,0
Nocupetaro,0.17758547,2011,1,0
Nuevo Urecho,0.154496214,2011,1,0
Paracuaro,0.132636455,2011,1,0
Paracho,0.371076363,2011,1,0
Patzcuaro,0.407042645,2011,1,1
Periban,0.232617978,2011,1,1
Quiroga,0.317917224,2011,1,1
Sahuayo,0.365523222,2011,1,0
Tacambaro,0.38314091,2011,1,1
Taretan,0.426336209,2011,1,1
Tinguindin,0.367844758,2011,1,1
Tocumbo,0.467538039,2011,1,1
Turicato,0.153945837,2011,1,1
Uruapan,0.416345061,2011,1,1
Venustiano Carranza,0.269363665,2011,1,0
Zacapu,0.420143446,2011,1,0
Zamora,0.422600494,2011,1,0
Zitacuaro,0.405297583,2011,1,1
Tarimbaro,0.312133366,2011,1,1
Angangueo,0.158173056,2011,1,0
Acuitzio,0.142620854,2011,1,1
Ario,0.320962671,2011,1,1
Erongaricuaro,0.157931488,2011,1,1
La Huacana,0.407927077,2011,1,0
Huiramba,0.14687262,2011,1,1
Lagunillas,0.34369509,2011,1,1
Madero,0.18797531,2011,1,1
Salvador Escalante,0.333376625,2011,1,1
Tingambato,0.29522201,2011,1,1
Tzintzuntzan,0.162425944,2011,1,1
Angamacutiro,0.194740237,2011,1,0
Jose Sixto Verduzco,0.242381013,2011,1,0
Morelos,0.06502003,2011,1,0
Panindicuaro,0.296635933,2011,1,0
Penjamillo,0.387250296,2011,1,0
Puruandiro,0.352492875,2011,1,0
Churumuco,0.043172707,2011,1,0
Tlalpujahua,0.312356257,2011,1,0
Tepalcatepec,0.397625749,2011,1,0
Buenavista,0.240076875,2011,1,0
Pajacuaran,0.155451897,2011,1,0
Zinapecuaro,0.355725252,2011,1,1
Querendaro,0.132164159,2011,1,0
Indaparapeo,0.146114844,2011,1,0
Ocampo,0.147007987,2011,1,1
Vista Hermosa,0.250429344,2011,1,0
Tanhuato,0.29216634,2011,1,0
Brisenas,0.166126525,2011,1,0
Zinaparo,0.009019807,2011,1,0
Churintzio,0.149623029,2011,1,0
Numaran,0.314358864,2011,1,0
Maravatio,0.365369246,2011,1,0
Contepec,0.229626261,2011,1,0
Huetamo,0.371042712,2011,1,0
San Lucas,0.301462449,2011,1,0
Tangancicuaro,0.249370899,2011,1,1
Purepero,0.326484586,2011,1,1
Tlazazalca,0.254222222,2011,1,0
Cojumatlan de Regules,0.328397427,2011,1,0
Irimbo,0.169727771,2011,1,0
Aporo,0.098684211,2011,1,0
Tuxpan,0.381347352,2011,1,1
Senguio,0.036888344000000003,2011,1,0
Charo,0.285519133,2011,1,0
Alvaro Obregon,0.404503893,2011,1,0
Chavinda,0.296967619,2011,1,0
Tangamandapio,0.209126365,2011,1,1
Ziracuaretiro,0.265047471,2011,1,1
Nuevo Parangaricutiro,0.236440924,2011,1,1
Coeneo,0.191694478,2011,1,0
Jimenez,0.23782067,2011,1,0
Yurecuaro,0.322930519,2011,1,0
Nahuatzen,0.20391469,2011,1,0
Ecuandureo,0.242446218,2011,1,0
Villamar,0.259958278,2011,1,0
Coalcoman,0.311636323,2011,1,0
Tiquicheo,0.212881096,2011,1,0
Tumbiscatio,0.084694541,2011,1,0
Tuzantla,0.185535619,2011,1,0
Aguililla,0.141446197,2011,1,0
Huaniqueo,0.112857942,2011,1,0
Ixtlan,0.161719178,2011,1,0
Tancitaro,0.31575096,2011,1,1
Caracuaro,0.075177238,2011,1,0
Cuitzeo,0.367167784,2011,1,0
Chucandiro,0.166666667,2011,1,0
Santa Ana Maya,0.265678824,2011,1,0
Huandacareo,0.223949064,2011,1,0
Copandaro,0.03949215,2011,1,0
Tzitzio,0.066269841,2011,1,0
Marcos Castellanos,0.167334873,2011,1,0
Juarez,0.172002025,2011,1,1
Coahuayana,0.369373319,2011,1,0
Aquila,0.41846767,2011,1,0
Epitacio Huerta,0.065641534,2011,1,0
Apatzingan,0.411746823,2012,1,1
Arteaga,0.309019457,2012,1,0
Cotija,0.395119069,2012,1,1
Charapan,0.201085509,2012,1,0
Cheran,0.203188179,2012,1,0
Chilchota,0.235988342,2012,1,1
Gabriel Zamora,0.322091668,2012,1,0
Hidalgo,0.425491395,2012,1,1
Jacona,0.413778432,2012,1,0
Jiquilpan,0.414082073,2012,1,0
Jungapeo,0.295188707,2012,1,1
La Piedad,0.409960457,2012,1,0
Lazaro Cardenas,0.452002358,2012,1,0
Los Reyes,0.406474975,2012,1,1
Morelia,0.446702757,2012,1,0
Mugica,0.390883405,2012,1,0
Nocupetaro,0.179733345,2012,1,0
Nuevo Urecho,0.1495212,2012,1,0
Paracuaro,0.176689692,2012,1,0
Paracho,0.40221475,2012,1,0
Patzcuaro,0.413212936,2012,1,1
Periban,0.242497478,2012,1,1
Quiroga,0.295762209,2012,1,1
Sahuayo,0.36161157,2012,1,0
Tacambaro,0.386194209,2012,1,1
Taretan,0.437926272,2012,1,1
Tinguindin,0.343214852,2012,1,1
Tocumbo,0.470688131,2012,1,1
Turicato,0.12048155,2012,1,1
Uruapan,0.421257341,2012,1,1
Venustiano Carranza,0.265203679,2012,1,0
Zacapu,0.42141424,2012,1,0
Zamora,0.429346057,2012,1,0
Zitacuaro,0.408896428,2012,1,1
Tarimbaro,0.325964322,2012,1,1
Angangueo,0.189132938,2012,1,0
Acuitzio,0.125231176,2012,1,1
Ario,0.319233033,2012,1,1
Erongaricuaro,0.142828566,2012,1,1
La Huacana,0.339524983,2012,1,0
Huiramba,0.103083587,2012,1,1
Lagunillas,0.346670068,2012,1,1
Madero,0.206250072,2012,1,1
Salvador Escalante,0.325880585,2012,1,1
Tingambato,0.297132259,2012,1,1
Tzintzuntzan,0.158991699,2012,1,1
Angamacutiro,0.176110541,2012,1,0
Jose Sixto Verduzco,0.229801885,2012,1,0
Morelos,0.07235166,2012,1,0
Panindicuaro,0.308426084,2012,1,0
Penjamillo,0.403396677,2012,1,0
Puruandiro,0.360232223,2012,1,0
Churumuco,0,2012,1,0
Tlalpujahua,0.331294143,2012,1,0
Tepalcatepec,0.389501903,2012,1,0
Buenavista,0.243805083,2012,1,0
Pajacuaran,0.164386014,2012,1,0
Zinapecuaro,0.34984285,2012,1,1
Querendaro,0.122137987,2012,1,0
Indaparapeo,0.117010512,2012,1,0
Ocampo,0.139516601,2012,1,1
Vista Hermosa,0.21616383,2012,1,0
Tanhuato,0.306800889,2012,1,0
Brisenas,0.201787536,2012,1,0
Zinaparo,0.12719629,2012,1,0
Churintzio,0.238627163,2012,1,0
Numaran,0.320747518,2012,1,0
Maravatio,0.364212072,2012,1,0
Contepec,0.245003077,2012,1,0
Huetamo,0.383451421,2012,1,0
San Lucas,0.29834826,2012,1,0
Tangancicuaro,0.262601728,2012,1,1
Purepero,0.323541879,2012,1,1
Tlazazalca,0.242656636,2012,1,0
Cojumatlan de Regules,0.351038095,2012,1,0
Irimbo,0.176723588,2012,1,0
Aporo,0.099402919,2012,1,0
Tuxpan,0.388852814,2012,1,1
Senguio,0.070586949,2012,1,0
Charo,0.290035037,2012,1,0
Alvaro Obregon,0.410467815,2012,1,0
Chavinda,0.313329918,2012,1,0
Tangamandapio,0.198164343,2012,1,1
Ziracuaretiro,0.232732752,2012,1,1
Nuevo Parangaricutiro,0.252012635,2012,1,1
Coeneo,0.204418982,2012,1,0
Jimenez,0.271206651,2012,1,0
Yurecuaro,0.329837558,2012,1,0
Nahuatzen,0.252486318,2012,1,0
Ecuandureo,0.295192391,2012,1,0
Villamar,0.279531669,2012,1,0
Coalcoman,0.344089672,2012,1,0
Tiquicheo,0.261542374,2012,1,0
Tumbiscatio,0.095138889,2012,1,0
Tuzantla,0.133374951,2012,1,0
Aguililla,0.199643926,2012,1,0
Huaniqueo,0.150046696,2012,1,0
Ixtlan,0.160885141,2012,1,0
Tancitaro,0.337024684,2012,1,1
Cuitzeo,0.356441133,2012,1,0
Chucandiro,0.166666667,2012,1,0
Santa Ana Maya,0.288768904,2012,1,0
Huandacareo,0.203016249,2012,1,0
Copandaro,0.031346176,2012,1,0
Tzitzio,0,2012,1,0
Marcos Castellanos,0.178902944,2012,1,0
Juarez,0.184888372,2012,1,1
Susupuato,0.1,2012,1,0
Coahuayana,0.372747918,2012,1,0
Aquila,0.417667923,2012,1,0
Epitacio Huerta,0,2012,1,0
Apatzingan,0.422536325,2013,1,1
Arteaga,0.336857395,2013,1,0
Cotija,0.388970368,2013,1,1
Charapan,0.231582253,2013,1,0
Cheran,0.207866961,2013,1,0
Chilchota,0.226131803,2013,1,1
Gabriel Zamora,0.329919869,2013,1,0
Hidalgo,0.431100671,2013,1,1
Jacona,0.421599196,2013,1,0
Jiquilpan,0.420495132,2013,1,0
Jungapeo,0.3254514,2013,1,1
La Piedad,0.418281754,2013,1,0
Lazaro Cardenas,0.450017662,2013,1,0
Los Reyes,0.409846072,2013,1,1
Morelia,0.449914588,2013,1,0
Mugica,0.377817773,2013,1,0
Nocupetaro,0.223452381,2013,1,0
Nuevo Urecho,0.120777251,2013,1,0
Paracuaro,0.220226646,2013,1,0
Paracho,0.387234645,2013,1,0
Patzcuaro,0.418637445,2013,1,1
Periban,0.249357975,2013,1,1
Quiroga,0.283706934,2013,1,1
Sahuayo,0.361010255,2013,1,0
Tacambaro,0.38610779,2013,1,1
Taretan,0.445586406,2013,1,1
Tinguindin,0.38343498,2013,1,1
Tocumbo,0.46946319,2013,1,1
Turicato,0.147448694,2013,1,1
Uruapan,0.421640977,2013,1,1
Venustiano Carranza,0.257075433,2013,1,0
Zacapu,0.422864278,2013,1,0
Zamora,0.435263389,2013,1,0
Zitacuaro,0.410029675,2013,1,1
Tarimbaro,0.347456504,2013,1,1
Angangueo,0.309525051,2013,1,0
Acuitzio,0.154393616,2013,1,1
Ario,0.324338047,2013,1,1
Erongaricuaro,0.193661212,2013,1,1
La Huacana,0.346092551,2013,1,0
Huiramba,0.126739444,2013,1,1
Lagunillas,0.329045146,2013,1,1
Madero,0.274194173,2013,1,1
Salvador Escalante,0.332401,2013,1,1
Tingambato,0.293420998,2013,1,1
Tzintzuntzan,0.164986972,2013,1,1
Angamacutiro,0.170945096,2013,1,0
Jose Sixto Verduzco,0.224283837,2013,1,0
Morelos,0.077738757,2013,1,0
Panindicuaro,0.323682122,2013,1,0
Penjamillo,0.43747598,2013,1,0
Puruandiro,0.367259461,2013,1,0
Churumuco,0,2013,1,0
Tlalpujahua,0.359669413,2013,1,0
Tepalcatepec,0.395792802,2013,1,0
Buenavista,0.230922613,2013,1,0
Pajacuaran,0.165212446,2013,1,0
Zinapecuaro,0.350119886,2013,1,1
Querendaro,0.102174565,2013,1,0
Indaparapeo,0.150848809,2013,1,0
Ocampo,0.14151033,2013,1,1
Vista Hermosa,0.202419952,2013,1,0
Tanhuato,0.330586572,2013,1,0
Brisenas,0.273518758,2013,1,0
Zinaparo,0,2013,1,0
Churintzio,0.312945137,2013,1,0
Numaran,0.356248068,2013,1,0
Maravatio,0.368218282,2013,1,0
Contepec,0.271963875,2013,1,0
Huetamo,0.389146173,2013,1,0
San Lucas,0.286894195,2013,1,0
Tangancicuaro,0.272235422,2013,1,1
Purepero,0.324974344,2013,1,1
Tlazazalca,0.23586333,2013,1,0
Cojumatlan de Regules,0.346818073,2013,1,0
Irimbo,0.182674723,2013,1,0
Aporo,0.110144643,2013,1,0
Tuxpan,0.368834329,2013,1,1
Senguio,0.179622454,2013,1,0
Charo,0.290976467,2013,1,0
Alvaro Obregon,0.423289621,2013,1,0
Chavinda,0.332510744,2013,1,0
Tangamandapio,0.213737694,2013,1,1
Ziracuaretiro,0.240320341,2013,1,1
Nuevo Parangaricutiro,0.237709913,2013,1,1
Coeneo,0.186321509,2013,1,0
Jimenez,0.295420445,2013,1,0
Yurecuaro,0.337764204,2013,1,0
Nahuatzen,0.201560433,2013,1,0
Ecuandureo,0.34227418,2013,1,0
Villamar,0.283940634,2013,1,0
Coalcoman,0.355877988,2013,1,0
Tiquicheo,0.282514336,2013,1,0
Tumbiscatio,0.082943134,2013,1,0
Tuzantla,0.100612339,2013,1,0
Aguililla,0.281483451,2013,1,0
Huaniqueo,0.138783948,2013,1,0
Ixtlan,0.158368614,2013,1,0
Tancitaro,0.354042503,2013,1,1
Cuitzeo,0.348360754,2013,1,0
Chucandiro,0.166666667,2013,1,0
Santa Ana Maya,0.263870897,2013,1,0
Huandacareo,0.228732193,2013,1,0
Copandaro,0.046750189,2013,1,0
Tzitzio,0,2013,1,0
Marcos Castellanos,0.178925915,2013,1,0
Juarez,0.238295748,2013,1,1
Coahuayana,0.342652162,2013,1,0
Aquila,0.420062393,2013,1,0
Epitacio Huerta,0,2013,1,0
Apatzingan,0.424363192,2014,1,1
Arteaga,0.337346315,2014,1,0
Cotija,0.40463937,2014,1,1
Charapan,0.211988472,2014,1,0
Cheran,0.209241157,2014,1,0
Chilchota,0.215958623,2014,1,1
Gabriel Zamora,0.338539947,2014,1,0
Hidalgo,0.443241107,2014,1,1
Jacona,0.427098275,2014,1,0
Jiquilpan,0.42444353,2014,1,0
Jungapeo,0.346192513,2014,1,1
La Piedad,0.425097997,2014,1,0
Lazaro Cardenas,0.450679171,2014,1,0
Los Reyes,0.413172236,2014,1,1
Morelia,0.451535751,2014,1,0
Mugica,0.379588805,2014,1,0
Nocupetaro,0.136018481,2014,1,0
Nuevo Urecho,0.145747043,2014,1,0
Paracuaro,0.231229287,2014,1,0
Paracho,0.380240854,2014,1,0
Patzcuaro,0.422530833,2014,1,1
Periban,0.275440749,2014,1,1
Quiroga,0.296759792,2014,1,1
Sahuayo,0.365423581,2014,1,0
Tacambaro,0.397401576,2014,1,1
Taretan,0.456253514,2014,1,1
Tinguindin,0.378387157,2014,1,1
Tocumbo,0.473310089,2014,1,1
Turicato,0.198968997,2014,1,1
Uruapan,0.428724569,2014,1,1
Venustiano Carranza,0.258985827,2014,1,0
Zacapu,0.429919023,2014,1,0
Zamora,0.437563547,2014,1,0
Zitacuaro,0.416749206,2014,1,1
Tarimbaro,0.37337168,2014,1,1
Angangueo,0.34389214,2014,1,0
Acuitzio,0.165360852,2014,1,1
Ario,0.324382816,2014,1,1
Erongaricuaro,0.217365228,2014,1,1
La Huacana,0.355281045,2014,1,0
Huiramba,0.108188146,2014,1,1
Lagunillas,0.343485438,2014,1,1
Madero,0.283773801,2014,1,1
Salvador Escalante,0.318252218,2014,1,1
Tingambato,0.297201084,2014,1,1
Tzintzuntzan,0.170347277,2014,1,1
Angamacutiro,0.189053353,2014,1,0
Jose Sixto Verduzco,0.201264472,2014,1,0
Morelos,0.116844577,2014,1,0
Panindicuaro,0.306232211,2014,1,0
Penjamillo,0.435237065,2014,1,0
Puruandiro,0.370402792,2014,1,0
Churumuco,0.105551125,2014,1,0
Tlalpujahua,0.344033928,2014,1,0
Tepalcatepec,0.393926664,2014,1,0
Buenavista,0.255383285,2014,1,0
Pajacuaran,0.171329529,2014,1,0
Zinapecuaro,0.361584377,2014,1,1
Querendaro,0.10420369,2014,1,0
Indaparapeo,0.111634512,2014,1,0
Ocampo,0.143132142,2014,1,1
Vista Hermosa,0.207111872,2014,1,0
Tanhuato,0.379670392,2014,1,0
Brisenas,0.293515073,2014,1,0
Zinaparo,0,2014,1,0
Churintzio,0.261762565,2014,1,0
Numaran,0.335657454,2014,1,0
Maravatio,0.360495857,2014,1,0
Contepec,0.26913659,2014,1,0
Huetamo,0.385598154,2014,1,0
San Lucas,0.301394409,2014,1,0
Tangancicuaro,0.281226134,2014,1,1
Purepero,0.336344583,2014,1,1
Tlazazalca,0.229361056,2014,1,0
Cojumatlan de Regules,0.350265012,2014,1,0
Irimbo,0.20163563,2014,1,0
Aporo,0.151922281,2014,1,0
Tuxpan,0.385261316,2014,1,1
Senguio,0.160829658,2014,1,0
Charo,0.286585136,2014,1,0
Alvaro Obregon,0.432853397,2014,1,0
Chavinda,0.302885929,2014,1,0
Tangamandapio,0.236616089,2014,1,1
Ziracuaretiro,0.240530095,2014,1,1
Nuevo Parangaricutiro,0.300481217,2014,1,1
Coeneo,0.144274476,2014,1,0
Jimenez,0.28612011,2014,1,0
Yurecuaro,0.335554245,2014,1,0
Nahuatzen,0.151685818,2014,1,0
Ecuandureo,0.34943943,2014,1,0
Villamar,0.293544368,2014,1,0
Coalcoman,0.352841748,2014,1,0
Tiquicheo,0.184772022,2014,1,0
Tumbiscatio,0.094017094,2014,1,0
Tuzantla,0.134739535,2014,1,0
Aguililla,0.326828103,2014,1,0
Huaniqueo,0.152801041,2014,1,0
Ixtlan,0.141711827,2014,1,0
Tancitaro,0.350056129,2014,1,1
Cuitzeo,0.337450325,2014,1,0
Chucandiro,0.102777778,2014,1,0
Santa Ana Maya,0.232590238,2014,1,0
Huandacareo,0.219669489,2014,1,0
Copandaro,0.03315035,2014,1,0
Tzitzio,0.275655864,2014,1,0
Marcos Castellanos,0.189963765,2014,1,0
Juarez,0.262969084,2014,1,1
Coahuayana,0.341892914,2014,1,0
Aquila,0.436394597,2014,1,0
Epitacio Huerta,0,2014,1,0
Apatzingan,0.412368571,2015,1,1
Arteaga,0.339924572,2015,1,0
Cotija,0.405675171,2015,1,1
Charapan,0.408986293,2015,1,0
Cheran,0.149952527,2015,1,0
Chilchota,0.174936805,2015,1,1
Gabriel Zamora,0.29656158,2015,1,0
Hidalgo,0.431964941,2015,1,1
Jacona,0.407045781,2015,1,0
Jiquilpan,0.405829069,2015,1,0
Jungapeo,0.331262292,2015,1,1
La Piedad,0.413349694,2015,1,0
Lazaro Cardenas,0.445313138,2015,1,0
Los Reyes,0.410219271,2015,1,1
Morelia,0.438636142,2015,1,0
Mugica,0.349855499,2015,1,0
Nocupetaro,0.150702743,2015,1,0
Nuevo Urecho,0.105288375,2015,1,0
Paracuaro,0.197021851,2015,1,0
Paracho,0.357482095,2015,1,0
Patzcuaro,0.409132229,2015,1,1
Periban,0.283155665,2015,1,1
Quiroga,0.174249445,2015,1,1
Sahuayo,0.350913475,2015,1,0
Tacambaro,0.373274152,2015,1,1
Taretan,0.403791774,2015,1,1
Tinguindin,0.357276042,2015,1,1
Tocumbo,0.442823299,2015,1,1
Turicato,0.156608104,2015,1,1
Uruapan,0.410091505,2015,1,1
Venustiano Carranza,0.235278944,2015,1,0
Zacapu,0.417825261,2015,1,0
Zamora,0.418490365,2015,1,0
Zitacuaro,0.411398659,2015,1,1
Tarimbaro,0.372903072,2015,1,1
Angangueo,0.318719865,2015,1,0
Acuitzio,0.142949739,2015,1,1
Ario,0.304163581,2015,1,1
Erongaricuaro,0.11153316,2015,1,1
La Huacana,0.36150188,2015,1,0
Huiramba,0.070460291,2015,1,1
Lagunillas,0.324910504,2015,1,1
Madero,0.276546745,2015,1,1
Salvador Escalante,0.306917239,2015,1,1
Tingambato,0.27998308,2015,1,1
Tzintzuntzan,0.154010952,2015,1,1
Angamacutiro,0.204419049,2015,1,0
Jose Sixto Verduzco,0.271463133,2015,1,0
Morelos,0.104322832,2015,1,0
Panindicuaro,0.324344073,2015,1,0
Penjamillo,0.431047229,2015,1,0
Puruandiro,0.36249558,2015,1,0
Churumuco,0.169133387,2015,1,0
Tlalpujahua,0.352238082,2015,1,0
Tepalcatepec,0.375745013,2015,1,0
Buenavista,0.315105353,2015,1,0
Pajacuaran,0.133185163,2015,1,0
Zinapecuaro,0.336201652,2015,1,1
Querendaro,0.060618195,2015,1,0
Indaparapeo,0.069380581,2015,1,0
Ocampo,0.096693141,2015,1,1
Vista Hermosa,0.218833734,2015,1,0
Tanhuato,0.362417796,2015,1,0
Brisenas,0.206107916,2015,1,0
Zinaparo,0.061403509,2015,1,0
Churintzio,0.156146828,2015,1,0
Numaran,0.337186823,2015,1,0
Maravatio,0.351531575,2015,1,0
Contepec,0.39529119,2015,1,0
Huetamo,0.37510975,2015,1,0
San Lucas,0.301015672,2015,1,0
Tangancicuaro,0.272903237,2015,1,1
Purepero,0.291573102,2015,1,1
Tlazazalca,0.192627073,2015,1,0
Cojumatlan de Regules,0.320710864,2015,1,0
Irimbo,0.196911791,2015,1,0
Aporo,0.114049291,2015,1,0
Tuxpan,0.359561496,2015,1,1
Senguio,0.094696088,2015,1,0
Charo,0.254148803,2015,1,0
Alvaro Obregon,0.426924288,2015,1,0
Chavinda,0.298108617,2015,1,0
Tangamandapio,0.257273168,2015,1,1
Ziracuaretiro,0.203718146,2015,1,1
Nuevo Parangaricutiro,0.267403915,2015,1,1
Coeneo,0.102348629,2015,1,0
Jimenez,0.252252665,2015,1,0
Yurecuaro,0.33699932,2015,1,0
Nahuatzen,0.085543793,2015,1,0
Ecuandureo,0.353606732,2015,1,0
Villamar,0.263885979,2015,1,0
Coalcoman,0.346880777,2015,1,0
Tiquicheo,0.153086707,2015,1,0
Tumbiscatio,0.094017094,2015,1,0
Tuzantla,0.110887149,2015,1,0
Aguililla,0.298647046,2015,1,0
Huaniqueo,0.154661001,2015,1,0
Ixtlan,0.136608877,2015,1,0
Tancitaro,0.325027797,2015,1,1
Cuitzeo,0.320409072,2015,1,0
Chucandiro,0,2015,1,0
Santa Ana Maya,0.158843008,2015,1,0
Huandacareo,0.187667317,2015,1,0
Copandaro,0.198008081,2015,1,0
Tzitzio,0.312925972,2015,1,0
Marcos Castellanos,0.194402036,2015,1,0
Juarez,0.261747814,2015,1,1
Coahuayana,0.363794347,2015,1,0
Aquila,0.443153066,2015,1,0
Epitacio Huerta,0,2015,1,0
Apatzingan,0.402175719,2016,1,1
Arteaga,0.314714529,2016,1,0
Cotija,0.397829025,2016,1,1
Charapan,0.409202988,2016,1,0
Cheran,0.135317458,2016,1,0
Chilchota,0.148493342,2016,1,1
Gabriel Zamora,0.285706745,2016,1,0
Hidalgo,0.425655422,2016,1,1
Jacona,0.39539811,2016,1,0
Jiquilpan,0.395639951,2016,1,0
Jungapeo,0.31909223,2016,1,1
La Piedad,0.409386456,2016,1,0
Lazaro Cardenas,0.444677974,2016,1,0
Los Reyes,0.398266797,2016,1,1
Morelia,0.433752511,2016,1,0
Mugica,0.3393385,2016,1,0
Nocupetaro,0.283162155,2016,1,0
Nuevo Urecho,0.121720017,2016,1,0
Paracuaro,0.191935827,2016,1,0
Paracho,0.345880258,2016,1,0
Patzcuaro,0.400657229,2016,1,1
Periban,0.288095444,2016,1,1
Quiroga,0.145974217,2016,1,1
Sahuayo,0.339413244,2016,1,0
Tacambaro,0.367101309,2016,1,1
Taretan,0.391724874,2016,1,1
Tinguindin,0.357711553,2016,1,1
Tocumbo,0.431497318,2016,1,1
Turicato,0.153357811,2016,1,1
Uruapan,0.402244422,2016,1,1
Venustiano Carranza,0.221418445,2016,1,0
Zacapu,0.40933305,2016,1,0
Zamora,0.410693141,2016,1,0
Zitacuaro,0.412616835,2016,1,1
Tarimbaro,0.363020877,2016,1,1
Angangueo,0.304267144,2016,1,0
Acuitzio,0.148240868,2016,1,1
Ario,0.287643845,2016,1,1
Erongaricuaro,0.177284583,2016,1,1
La Huacana,0.352024458,2016,1,0
Huiramba,0.091325155,2016,1,1
Lagunillas,0.312482485,2016,1,1
Madero,0.270435403,2016,1,1
Salvador Escalante,0.336422938,2016,1,1
Tingambato,0.262364041,2016,1,1
Tzintzuntzan,0.137903982,2016,1,1
Angamacutiro,0.208740894,2016,1,0
Jose Sixto Verduzco,0.18108332,2016,1,0
Morelos,0.228269837,2016,1,0
Panindicuaro,0.339153961,2016,1,0
Penjamillo,0.426272472,2016,1,0
Puruandiro,0.364863973,2016,1,0
Churumuco,0.176916864,2016,1,0
Tlalpujahua,0.358728333,2016,1,0
Tepalcatepec,0.360479417,2016,1,0
Buenavista,0.212324763,2016,1,0
Pajacuaran,0.124354927,2016,1,0
Zinapecuaro,0.324108433,2016,1,1
Querendaro,0.039585695,2016,1,0
Indaparapeo,0.062310293,2016,1,0
Ocampo,0.052452167,2016,1,1
Vista Hermosa,0.217237319,2016,1,0
Tanhuato,0.355787348,2016,1,0
Brisenas,0.205906483,2016,1,0
Zinaparo,0.060101263,2016,1,0
Churintzio,0.058304101,2016,1,0
Numaran,0.330993479,2016,1,0
Maravatio,0.340956299,2016,1,0
Contepec,0.301663115,2016,1,0
Huetamo,0.368739329,2016,1,0
San Lucas,0.304008702,2016,1,0
Tangancicuaro,0.286821519,2016,1,1
Purepero,0.254177885,2016,1,1
Tlazazalca,0.241694586,2016,1,0
Cojumatlan de Regules,0.280339239,2016,1,0
Irimbo,0.208166504,2016,1,0
Aporo,0.145321919,2016,1,0
Tuxpan,0.362345222,2016,1,1
Senguio,0.043694929,2016,1,0
Charo,0.225196624,2016,1,0
Alvaro Obregon,0.416588187,2016,1,0
Chavinda,0.282341939,2016,1,0
Tangamandapio,0.259702962,2016,1,1
Ziracuaretiro,0.196782957,2016,1,1
Nuevo Parangaricutiro,0.245448897,2016,1,1
Coeneo,0.086550418,2016,1,0
Jimenez,0.276999684,2016,1,0
Yurecuaro,0.337710404,2016,1,0
Nahuatzen,0.069171852,2016,1,0
Ecuandureo,0.311141181,2016,1,0
Villamar,0.321975783,2016,1,0
Coalcoman,0.350388655,2016,1,0
Tiquicheo,0.154479666,2016,1,0
Tumbiscatio,0.083880471,2016,1,0
Tuzantla,0.170353395,2016,1,0
Aguililla,0.287094491,2016,1,0
Huaniqueo,0.152396554,2016,1,0
Ixtlan,0.200257431,2016,1,0
Tancitaro,0.228237037,2016,1,1
Cuitzeo,0.335664593,2016,1,0
Chucandiro,0,2016,1,0
Santa Ana Maya,0.137157006,2016,1,0
Huandacareo,0.18592847,2016,1,0
Copandaro,0.168599234,2016,1,0
Tzitzio,0.337474031,2016,1,0
Marcos Castellanos,0.196176831,2016,1,0
Juarez,0.25756896,2016,1,1
Coahuayana,0.338590619,2016,1,0
Aquila,0.448571219,2016,1,0
Epitacio Huerta,0,2016,1,0
Apatzingan,0.397953815,2017,1,1
Arteaga,0.321192101,2017,1,0
Cotija,0.380629106,2017,1,1
Charapan,0.376540656,2017,1,0
Cheran,0.129447134,2017,1,0
Chilchota,0.131352227,2017,1,1
Gabriel Zamora,0.286646839,2017,1,0
Hidalgo,0.410571593,2017,1,1
Jacona,0.376663902,2017,1,0
Jiquilpan,0.385408818,2017,1,0
Jungapeo,0.316322527,2017,1,1
La Piedad,0.393347193,2017,1,0
Lazaro Cardenas,0.431203426,2017,1,0
Los Reyes,0.382843795,2017,1,1
Morelia,0.41866968,2017,1,0
Mugica,0.322962039,2017,1,0
Nocupetaro,0.158518371,2017,1,0
Nuevo Urecho,0.104767808,2017,1,0
Paracuaro,0.204259582,2017,1,0
Paracho,0.33706097,2017,1,0
Patzcuaro,0.395474309,2017,1,1
Periban,0.287301176,2017,1,1
Quiroga,0.160136365,2017,1,1
Sahuayo,0.326727131,2017,1,0
Tacambaro,0.350564792,2017,1,1
Taretan,0.387145014,2017,1,1
Tinguindin,0.361067968,2017,1,1
Tocumbo,0.418506997,2017,1,1
Turicato,0.16779472,2017,1,1
Uruapan,0.387623947,2017,1,1
Venustiano Carranza,0.202287893,2017,1,0
Zacapu,0.392118888,2017,1,0
Zamora,0.395699503,2017,1,0
Zitacuaro,0.396483352,2017,1,1
Tarimbaro,0.338269321,2017,1,1
Angangueo,0.295728477,2017,1,0
Acuitzio,0.144352291,2017,1,1
Ario,0.262981912,2017,1,1
Erongaricuaro,0.179781228,2017,1,1
La Huacana,0.343259059,2017,1,0
Huiramba,0.141285819,2017,1,1
Lagunillas,0.284306098,2017,1,1
Madero,0.250977144,2017,1,1
Salvador Escalante,0.312974705,2017,1,1
Tingambato,0.26528219,2017,1,1
Tzintzuntzan,0.10059648,2017,1,1
Angamacutiro,0.249520821,2017,1,0
Jose Sixto Verduzco,0.192407737,2017,1,0
Morelos,0.259037034,2017,1,0
Panindicuaro,0.321814722,2017,1,0
Penjamillo,0.411401782,2017,1,0
Puruandiro,0.346992857,2017,1,0
Churumuco,0.248502703,2017,1,0
Tlalpujahua,0.336702567,2017,1,0
Tepalcatepec,0.337147282,2017,1,0
Buenavista,0.190784486,2017,1,0
Pajacuaran,0.088172176,2017,1,0
Zinapecuaro,0.304757632,2017,1,1
Querendaro,0.047993865,2017,1,0
Indaparapeo,0.021028197,2017,1,0
Ocampo,0.098339002,2017,1,1
Vista Hermosa,0.211753087,2017,1,0
Tanhuato,0.321692372,2017,1,0
Brisenas,0.247752313,2017,1,0
Zinaparo,0,2017,1,0
Churintzio,0.083640623,2017,1,0
Numaran,0.322168312,2017,1,0
Maravatio,0.32022446,2017,1,0
Contepec,0.335125124,2017,1,0
Huetamo,0.350592602,2017,1,0
San Lucas,0.30599321,2017,1,0
Tangancicuaro,0.302807712,2017,1,1
Purepero,0.227966321,2017,1,1
Tlazazalca,0.25460419,2017,1,0
Cojumatlan de Regules,0.259708553,2017,1,0
Irimbo,0.179780474,2017,1,0
Aporo,0.140815848,2017,1,0
Tuxpan,0.333941355,2017,1,1
Senguio,0.097651725,2017,1,0
Charo,0.205298496,2017,1,0
Alvaro Obregon,0.392977476,2017,1,0
Chavinda,0.264270852,2017,1,0
Tangamandapio,0.273150074,2017,1,1
Ziracuaretiro,0.200865384,2017,1,1
Nuevo Parangaricutiro,0.234459121,2017,1,1
Coeneo,0.059730373,2017,1,0
Jimenez,0.266800314,2017,1,0
Yurecuaro,0.325974782,2017,1,0
Nahuatzen,0.120458376,2017,1,0
Ecuandureo,0.306989967,2017,1,0
Villamar,0.187068543,2017,1,0
Coalcoman,0.323475895,2017,1,0
Tiquicheo,0.139881025,2017,1,0
Tumbiscatio,0.050463065,2017,1,0
Tuzantla,0.067969883,2017,1,0
Aguililla,0.238727042,2017,1,0
Huaniqueo,0.113938437,2017,1,0
Ixtlan,0.17158817,2017,1,0
Tancitaro,0.259037114,2017,1,1
Cuitzeo,0.325336276,2017,1,0
Chucandiro,0,2017,1,0
Santa Ana Maya,0.159102526,2017,1,0
Huandacareo,0.181783599,2017,1,0
Copandaro,0.192140189,2017,1,0
Tzitzio,0.305955996,2017,1,0
Marcos Castellanos,0.19034496,2017,1,0
Juarez,0.255798901,2017,1,1
Coahuayana,0.309168685,2017,1,0
Aquila,0.436881744,2017,1,0
Epitacio Huerta,0,2017,1,0
Apatzingan,0.385063342,2018,1,1
Arteaga,0.330450843,2018,1,0
Cotija,0.366124292,2018,1,1
Charapan,0.38085257,2018,1,0
Cheran,0.134623209,2018,1,0
Chilchota,0.130093534,2018,1,1
Gabriel Zamora,0.258903383,2018,1,0
Hidalgo,0.402799584,2018,1,1
Jacona,0.363468643,2018,1,0
Jiquilpan,0.379013106,2018,1,0
Jungapeo,0.30992623,2018,1,1
La Piedad,0.38584901,2018,1,0
Lazaro Cardenas,0.424453426,2018,1,0
Los Reyes,0.367333369,2018,1,1
Morelia,0.413550255,2018,1,0
Mugica,0.306555065,2018,1,0
Nocupetaro,0.150284369,2018,1,0
Nuevo Urecho,0.096466713,2018,1,0
Paracuaro,0.19770941,2018,1,0
Paracho,0.327652628,2018,1,0
Patzcuaro,0.388462228,2018,1,1
Periban,0.298235936,2018,1,1
Quiroga,0.152812706,2018,1,1
Sahuayo,0.313612431,2018,1,0
Tacambaro,0.339858973,2018,1,1
Taretan,0.373252757,2018,1,1
Tinguindin,0.342211357,2018,1,1
Tocumbo,0.402099351,2018,1,1
Turicato,0.183068744,2018,1,1
Uruapan,0.379849182,2018,1,1
Venustiano Carranza,0.189142873,2018,1,0
Zacapu,0.377533364,2018,1,0
Zamora,0.386780319,2018,1,0
Zitacuaro,0.390488991,2018,1,1
Tarimbaro,0.331230722,2018,1,1
Angangueo,0.229621675,2018,1,0
Acuitzio,0.167916441,2018,1,1
Ario,0.257548161,2018,1,1
Erongaricuaro,0.171611774,2018,1,1
La Huacana,0.320462313,2018,1,0
Huiramba,0.154234366,2018,1,1
Lagunillas,0.291055467,2018,1,1
Madero,0.221168695,2018,1,1
Salvador Escalante,0.258710474,2018,1,1
Tingambato,0.258380164,2018,1,1
Tzintzuntzan,0.088016476,2018,1,1
Angamacutiro,0.264850565,2018,1,0
Jose Sixto Verduzco,0.209406128,2018,1,0
Morelos,0.290333643,2018,1,0
Panindicuaro,0.322359621,2018,1,0
Penjamillo,0.410879291,2018,1,0
Puruandiro,0.341665033,2018,1,0
Churumuco,0.135784888,2018,1,0
Tlalpujahua,0.326837843,2018,1,0
Tepalcatepec,0.33129525,2018,1,0
Buenavista,0.197302754,2018,1,0
Pajacuaran,0.089121802,2018,1,0
Zinapecuaro,0.351090092,2018,1,1
Querendaro,0.045358015,2018,1,0
Indaparapeo,0.075029409,2018,1,0
Ocampo,0.13232087,2018,1,1
Vista Hermosa,0.205507232,2018,1,0
Tanhuato,0.295836532,2018,1,0
Brisenas,0.23449642,2018,1,0
Zinaparo,0.002819549,2018,1,0
Churintzio,0.053512717,2018,1,0
Numaran,0.314451353,2018,1,0
Maravatio,0.309845602,2018,1,0
Contepec,0.377330313,2018,1,0
Huetamo,0.348360426,2018,1,0
San Lucas,0.293206841,2018,1,0
Tangancicuaro,0.312612389,2018,1,1
Purepero,0.222861722,2018,1,1
Tlazazalca,0.228461392,2018,1,0
Cojumatlan de Regules,0.240395894,2018,1,0
Irimbo,0.145221009,2018,1,0
Aporo,0.071386946,2018,1,0
Tuxpan,0.33066332,2018,1,1
Senguio,0.073520903,2018,1,0
Charo,0.180418635,2018,1,0
Alvaro Obregon,0.384468386,2018,1,0
Chavinda,0.24842989,2018,1,0
Tangamandapio,0.267189994,2018,1,1
Ziracuaretiro,0.204136403,2018,1,1
Nuevo Parangaricutiro,0.234207297,2018,1,1
Coeneo,0.105104042,2018,1,0
Jimenez,0.251199007,2018,1,0
Yurecuaro,0.30849517,2018,1,0
Nahuatzen,0.126058598,2018,1,0
Ecuandureo,0.294929132,2018,1,0
Chinicuila,0.080935956,2018,1,0
Villamar,0.163373843,2018,1,0
Coalcoman,0.313877363,2018,1,0
Tiquicheo,0.125901118,2018,1,0
Tumbiscatio,0.060239651,2018,1,0
Tuzantla,0.014555193,2018,1,0
Aguililla,0.166920223,2018,1,0
Huaniqueo,0.079824641,2018,1,0
Ixtlan,0.181645173,2018,1,0
Tancitaro,0.278349601,2018,1,1
Cuitzeo,0.310596167,2018,1,0
Chucandiro,0,2018,1,0
Santa Ana Maya,0.170391411,2018,1,0
Huandacareo,0.180686443,2018,1,0
Copandaro,0.147508829,2018,1,0
Tzitzio,0.201217271,2018,1,0
Marcos Castellanos,0.201028699,2018,1,0
Juarez,0.267444313,2018,1,1
Coahuayana,0.302208354,2018,1,0
Aquila,0.440857008,2018,1,0
Epitacio Huerta,0.053571429,2018,1,0
Apatzingan,0.360937338,2019,1,1
Arteaga,0.33108564,2019,1,0
Cotija,0.347894759,2019,1,1
Charapan,0.374752413,2019,1,0
Cheran,0.106505169,2019,1,0
Chilchota,0.10878932,2019,1,1
Gabriel Zamora,0.245841385,2019,1,0
Hidalgo,0.38401184,2019,1,1
Jacona,0.353914537,2019,1,0
Jiquilpan,0.363182303,2019,1,0
Jungapeo,0.328509258,2019,1,1
La Piedad,0.372267522,2019,1,0
Lazaro Cardenas,0.412559134,2019,1,0
Los Reyes,0.341616342,2019,1,1
Morelia,0.402753921,2019,1,0
Mugica,0.295598039,2019,1,0
Nocupetaro,0.190146593,2019,1,0
Nuevo Urecho,0.091272158,2019,1,0
Paracuaro,0.188676039,2019,1,0
Paracho,0.296292711,2019,1,0
Patzcuaro,0.348612558,2019,1,1
Periban,0.293586473,2019,1,1
Quiroga,0.13205185,2019,1,1
Sahuayo,0.279194671,2019,1,0
Tacambaro,0.325941173,2019,1,1
Taretan,0.360175641,2019,1,1
Tinguindin,0.325860042,2019,1,1
Tocumbo,0.37654027,2019,1,1
Turicato,0.169201176,2019,1,1
Uruapan,0.36791472,2019,1,1
Venustiano Carranza,0.163973535,2019,1,0
Zacapu,0.355548427,2019,1,0
Zamora,0.372846646,2019,1,0
Zitacuaro,0.36046917,2019,1,1
Tarimbaro,0.31019092,2019,1,1
Angangueo,0.196479379,2019,1,0
Acuitzio,0.131346389,2019,1,1
Ario,0.24245369,2019,1,1
Erongaricuaro,0.192408376,2019,1,1
La Huacana,0.309480843,2019,1,0
Huiramba,0.103561279,2019,1,1
Lagunillas,0.282855752,2019,1,1
Madero,0.155242451,2019,1,1
Salvador Escalante,0.232573368,2019,1,1
Tingambato,0.251976808,2019,1,1
Tzintzuntzan,0.082479074,2019,1,1
Angamacutiro,0.238223184,2019,1,0
Jose Sixto Verduzco,0.186645897,2019,1,0
Morelos,0.268946244,2019,1,0
Panindicuaro,0.283221701,2019,1,0
Penjamillo,0.38213275,2019,1,0
Puruandiro,0.313023167,2019,1,0
Churumuco,0.03531746,2019,1,0
Tlalpujahua,0.31307461,2019,1,0
Tepalcatepec,0.310485152,2019,1,0
Buenavista,0.183957776,2019,1,0
Pajacuaran,0.056099894,2019,1,0
Zinapecuaro,0.312282574,2019,1,1
Querendaro,0.062163068,2019,1,0
Indaparapeo,0.114301182,2019,1,0
Ocampo,0.125570908,2019,1,1
Vista Hermosa,0.243045453,2019,1,0
Tanhuato,0.252062992,2019,1,0
Brisenas,0.19950521,2019,1,0
Zinaparo,0.004872312,2019,1,0
Churintzio,0.037376629,2019,1,0
Numaran,0.289793724,2019,1,0
Maravatio,0.28723839,2019,1,0
Contepec,0.351930184,2019,1,0
Huetamo,0.320000814,2019,1,0
San Lucas,0.268065638,2019,1,0
Tangancicuaro,0.311909827,2019,1,1
Purepero,0.196719125,2019,1,1
Tlazazalca,0.205707532,2019,1,0
Cojumatlan de Regules,0.203452155,2019,1,0
Irimbo,0.08217154,2019,1,0
Aporo,0,2019,1,0
Tuxpan,0.298914755,2019,1,1
Senguio,0.082665423,2019,1,0
Charo,0.153330325,2019,1,0
Alvaro Obregon,0.361134779,2019,1,0
Chavinda,0.222267116,2019,1,0
Tangamandapio,0.248221612,2019,1,1
Ziracuaretiro,0.189267114,2019,1,1
Nuevo Parangaricutiro,0.228934931,2019,1,1
Coeneo,0.106284735,2019,1,0
Jimenez,0.192142792,2019,1,0
Yurecuaro,0.281452343,2019,1,0
Nahuatzen,0.075228894,2019,1,0
Ecuandureo,0.2995845,2019,1,0
Chinicuila,0.068663934,2019,1,0
Villamar,0.167964555,2019,1,0
Coalcoman,0.286859357,2019,1,0
Tiquicheo,0.127119707,2019,1,0
Tumbiscatio,0.088657407,2019,1,0
Tuzantla,0.01986987,2019,1,0
Aguililla,0.169783812,2019,1,0
Huaniqueo,0.099856399,2019,1,0
Ixtlan,0.162075184,2019,1,0
Tancitaro,0.275446001,2019,1,1
Caracuaro,0.125,2019,1,0
Cuitzeo,0.277158911,2019,1,0
Chucandiro,0.022387651,2019,1,0
Santa Ana Maya,0.156586521,2019,1,0
Huandacareo,0.151498928,2019,1,0
Copandaro,0.082684697,2019,1,0
Tzitzio,0.274398938,2019,1,0
Marcos Castellanos,0.235893627,2019,1,0
Juarez,0.228537241,2019,1,1
Coahuayana,0.268335411,2019,1,0
Aquila,0.439856572,2019,1,0
Epitacio Huerta,0.071446568,2019,1,0
Apatzingan,0.330400193,2020,1,1
Arteaga,0.33039238,2020,1,0
Cotija,0.338844626,2020,1,1
Charapan,0.366131283,2020,1,0
Cheran,0.083706327,2020,1,0
Chilchota,0.082301962,2020,1,1
Gabriel Zamora,0.210042969,2020,1,0
Hidalgo,0.353742393,2020,1,1
Jacona,0.337172804,2020,1,0
Jiquilpan,0.333652917,2020,1,0
Jungapeo,0.298981895,2020,1,1
La Piedad,0.34672519,2020,1,0
Lazaro Cardenas,0.391090042,2020,1,0
Los Reyes,0.31554032,2020,1,1
Morelia,0.383586203,2020,1,0
Mugica,0.254755639,2020,1,0
Nocupetaro,0.169048998,2020,1,0
Nuevo Urecho,0.083045267,2020,1,0
Paracuaro,0.149183774,2020,1,0
Paracho,0.259904209,2020,1,0
Patzcuaro,0.315166375,2020,1,1
Periban,0.276587799,2020,1,1
Quiroga,0.119537074,2020,1,1
Sahuayo,0.247250393,2020,1,0
Tacambaro,0.303666247,2020,1,1
Taretan,0.315236738,2020,1,1
Tinguindin,0.295493129,2020,1,1
Tocumbo,0.357164999,2020,1,1
Turicato,0.184106701,2020,1,1
Uruapan,0.348368536,2020,1,1
Venustiano Carranza,0.140900888,2020,1,0
Zacapu,0.324134256,2020,1,0
Zamora,0.349537583,2020,1,0
Zitacuaro,0.331113833,2020,1,1
Tarimbaro,0.277459051,2020,1,1
Angangueo,0.236585178,2020,1,0
Acuitzio,0.087498574,2020,1,1
Ario,0.239621774,2020,1,1
Erongaricuaro,0.199614558,2020,1,1
La Huacana,0.310125996,2020,1,0
Huiramba,0.080599226,2020,1,1
Lagunillas,0.265888473,2020,1,1
Madero,0.146785109,2020,1,1
Salvador Escalante,0.216451634,2020,1,1
Tingambato,0.248076184,2020,1,1
Tzintzuntzan,0.061709421,2020,1,1
Angamacutiro,0.218010573,2020,1,0
Jose Sixto Verduzco,0.148293636,2020,1,0
Morelos,0.26297128,2020,1,0
Panindicuaro,0.278854222,2020,1,0
Penjamillo,0.317611786,2020,1,0
Puruandiro,0.283450631,2020,1,0
Churumuco,0.017590049,2020,1,0
Tlalpujahua,0.280451749,2020,1,0
Tepalcatepec,0.270193859,2020,1,0
Buenavista,0.168290024,2020,1,0
Pajacuaran,0.025186428,2020,1,0
Zinapecuaro,0.257709208,2020,1,1
Querendaro,0.047601371,2020,1,0
Indaparapeo,0.196115105,2020,1,0
Ocampo,0.091526047,2020,1,1
Vista Hermosa,0.17478253,2020,1,0
Tanhuato,0.201221494,2020,1,0
Brisenas,0.225476678,2020,1,0
Zinaparo,0,2020,1,0
Churintzio,0.040208241,2020,1,0
Numaran,0.277274551,2020,1,0
Maravatio,0.258674882,2020,1,0
Contepec,0.333681752,2020,1,0
Huetamo,0.294725686,2020,1,0
San Lucas,0.232966328,2020,1,0
Tangancicuaro,0.288372986,2020,1,1
Purepero,0.169774804,2020,1,1
Tlazazalca,0.182507434,2020,1,0
Cojumatlan de Regules,0.162468105,2020,1,0
Irimbo,0.067694391,2020,1,0
Aporo,0,2020,1,0
Tuxpan,0.254076972,2020,1,1
Senguio,0.080296496,2020,1,0
Charo,0.139757922,2020,1,0
Alvaro Obregon,0.332249175,2020,1,0
Chavinda,0.196714099,2020,1,0
Tangamandapio,0.247196422,2020,1,1
Ziracuaretiro,0.161336623,2020,1,1
Nuevo Parangaricutiro,0.229126717,2020,1,1
Coeneo,0.100010885,2020,1,0
Jimenez,0.175888709,2020,1,0
Yurecuaro,0.247573567,2020,1,0
Nahuatzen,0.065497316,2020,1,0
Ecuandureo,0.305641978,2020,1,0
Villamar,0.189833035,2020,1,0
Coalcoman,0.278142553,2020,1,0
Tiquicheo,0.08749404,2020,1,0
Tumbiscatio,0.076970701,2020,1,0
Tuzantla,0.023187903,2020,1,0
Aguililla,0.156835172,2020,1,0
Huaniqueo,0.076543336,2020,1,0
Ixtlan,0.129602479,2020,1,0
Tancitaro,0.275410197,2020,1,1
Caracuaro,0.086309524,2020,1,0
Cuitzeo,0.242438219,2020,1,0
Chucandiro,0,2020,1,0
Santa Ana Maya,0.140616641,2020,1,0
Huandacareo,0.125867748,2020,1,0
Copandaro,0.085369997,2020,1,0
Tzitzio,0.180436854,2020,1,0
Marcos Castellanos,0.253612712,2020,1,0
Juarez,0.17894048,2020,1,1
Coahuayana,0.25766293,2020,1,0
Aquila,0.411087204,2020,1,0
Epitacio Huerta,0.059409341,2020,1,0
